id,customer_id,currency,balance
11,1,USD,74382799292.79187
12,1,EUR,700000000.00
13,1,BTC,100.12345678
14,2,USD,352348291.53
15,3,USD,193577364.28